{
    "AAPL,PG": {
        "epsilon": 0.40691409431893133,
        "discount_factor": 0.9129778894441041,
        "learning_rate": 0.002803845320660394
    },
    "AAPL,XOM": {
        "epsilon": 0.916837265007944,
        "discount_factor": 0.9851484440540085,
        "learning_rate": 0.0012002300620988955
    },
    "PG,XOM": {
        "epsilon": 0.6739393117896595,
        "discount_factor": 0.8531840868235706,
        "learning_rate": 0.009293465696682403
    },
    "AAPL,PG,XOM": {
        "epsilon": 0.9083652605248874,
        "discount_factor": 0.9154029165174842,
        "learning_rate": 0.009892085080194893
    }
}