{
    "AAPL,PG": {
        "Q-Learning": {
            "sharpe_ratio": 0.02903909794177498,
            "weights": [
                0.0,
                1.0
            ]
        },
        "Markowitz": {
            "sharpe_ratio": 0.0570537139275704,
            "weights": "[0.86177188 0.13822812]"
        }
    },
    "AAPL,XOM": {
        "Q-Learning": {
            "sharpe_ratio": 0.05862357319270632,
            "weights": [
                0.9,
                0.09999999999999998
            ]
        },
        "Markowitz": {
            "sharpe_ratio": 0.0600416686739337,
            "weights": "[0.7338079 0.2661921]"
        }
    },
    "PG,XOM": {
        "Q-Learning": {
            "sharpe_ratio": 0.0407854733691017,
            "weights": [
                0.6000000000000001,
                0.3999999999999999
            ]
        },
        "Markowitz": {
            "sharpe_ratio": 0.04089936435725727,
            "weights": "[0.55306292 0.44693708]"
        }
    },
    "AAPL,PG,XOM": {
        "Q-Learning": {
            "sharpe_ratio": 0.05985171599354845,
            "weights": [
                0.6000000000000001,
                0.1,
                0.29999999999999993
            ]
        },
        "Markowitz": {
            "sharpe_ratio": 0.060108451520333346,
            "weights": "[0.6865852  0.06151668 0.25189811]"
        }
    }
}