{
    "AAPL,PG": [
        0.0,
        1.0
    ],
    "AAPL,XOM": [
        0.9,
        0.09999999999999998
    ],
    "PG,XOM": [
        0.6000000000000001,
        0.3999999999999999
    ],
    "AAPL,PG,XOM": [
        0.6000000000000001,
        0.1,
        0.29999999999999993
    ]
}